"R Caud","L Caud","R Put","L Put","R NAcc","L NAcc","R Amyg","L Amyg","R Ins","L Ins","ACC","PCC","R OFC","L OFC","vmPFC","Outcome","Antic"
-0.093676,-0.49838,-0.25998,-0.25543,-0.031936,-0.10915,-0.3456,-0.10303,-0.2175,-0.58007,-0.12514,-0.39855,-0.45508,-0.16186,0.48652,0,0
-0.10335,-0.025457,-0.15284,0.1496,-0.35391,0.21847,-0.027545,0.6277,-0.26684,-0.057147,-0.078465,-0.035136,-0.17825,-0.10236,0.24535,0,0
0.43997,0.45007,0.10813,0.060347,0.28981,0.6755,-0.098237,0.13923,0.21333,0.075904,0.19523,-0.023444,0.35834,0.37904,0.5126,0,0
0.20422,0.37342,0.11641,0.24697,0.37152,0.24631,0.33778,0.22375,0.085854,0.068327,-0.15166,0.15883,-0.0015545,0.35831,0.2548,0,0
-0.087125,-0.17384,-0.45091,-0.32601,-0.13709,-0.22597,-0.09184,0.19076,-0.38499,-0.22986,-0.20279,0.14519,0.056095,-0.23194,-0.12465,0,1
-0.179,-0.14102,-0.12322,-0.38674,0.14299,0.12639,0.12372,0.26516,0.45298,0.11286,-0.060876,-0.34685,0.3104,0.38121,0.32444,0,1
-0.16249,-0.25076,-0.34603,-0.25251,-0.014963,0.10247,-0.22835,-0.37549,-0.27509,-0.32176,-0.29035,0.20154,0.15769,0.077516,-0.18494,1,0
-0.15415,-0.46238,-0.08137,-0.12418,-0.34878,-0.31447,-0.0018225,-0.36411,-0.15844,-0.29228,-0.29248,0.011105,-0.15182,-0.35738,-0.76966,0,0
0.2148,0.28346,0.45566,0.18174,-0.04051,0.075796,0.32542,-0.048933,0.35309,0.1863,0.28652,0.49473,0.39215,0.07051,0.062326,0,0
0.09945,-0.27227,-0.0058303,-0.10568,0.019762,0.075245,-0.046779,-0.20717,0.1484,0.11289,-0.074007,-0.16133,0.45174,0.46479,0.14351,0,0
0.11727,-0.10265,0.18712,-0.027359,0.0090973,0.045311,-0.35659,-0.13377,-0.056831,-0.21739,-0.20754,-0.050946,-0.32568,-0.13447,-0.36825,0,0
0.35617,0.24716,0.16933,0.079182,0.20368,0.21987,0.48961,0.09532,0.19744,-0.0097794,0.15766,-0.50925,0.45345,0.29289,0.057774,0,0
-0.030328,0.086457,0.080399,-0.18203,-0.08619,0.23648,0.042952,-0.24346,0.27845,0.063969,0.13232,0.0053081,0.061145,0.10254,-0.17698,0,0
0.30819,0.18831,-0.0091441,0.12508,0.15316,0.076049,-0.53074,-0.29064,-0.1001,-0.20213,0.021328,-0.31227,-0.16269,-0.001333,-0.21377,0,0
-0.22465,-0.10744,-0.3969,-0.28575,-0.30193,-0.28246,-0.69139,-0.44329,-0.38911,-0.13058,-0.15265,-0.31248,-0.26423,-0.31253,-0.4072,0,0
-0.021431,0.044604,-0.14116,-0.26838,0.1913,0.025767,0.24733,0.058875,0.58344,0.33813,0.32762,-0.018795,0.82753,0.55066,0.73814,0,0
-0.21624,-0.1915,-0.38145,-0.43348,-0.42525,-0.23263,-0.5267,-0.47715,-0.20336,-0.20359,-0.54348,-0.23541,-0.47156,-0.49262,-0.68038,0,0
-0.12952,-0.12268,0.21632,0.11871,0.30945,0.061664,0.4648,0.1128,0.16823,0.30443,0.090323,0.6179,0.14892,0.11601,-0.48232,0,0
0.25952,0.24503,0.42069,0.4618,-0.23131,-0.060135,0.33383,0.216,0.25978,0.46011,0.82481,0.97119,-0.14524,0.22341,-0.41943,0,0
0.51758,0.10693,0.077244,-0.064432,0.48979,0.052556,-0.11421,-0.069416,-0.2049,-0.29385,0.17515,-1.145,0.0793,0.36321,-0.015835,0,0
-0.24312,-0.25951,-0.39663,-0.47902,-0.54977,-0.80526,-0.33321,-0.46732,-0.47122,-0.46022,-0.34413,0.21643,-1.0264,-1.4976,-2.0977,0,0
-0.45508,-0.16547,-0.23143,0.11866,-0.42548,-0.50356,-0.15045,-0.21206,-0.31953,0.034903,-0.088576,0.062308,-0.58507,-0.96684,-0.27034,0,0
0.023286,0.25871,0.72229,1.0605,0.0083814,0.38913,0.9259,1.1816,0.42603,0.90214,0.59409,0.41071,0.28613,0.82307,0.55767,0,0
-0.64153,-0.36372,-0.17158,0.0075617,-0.18212,-0.24792,0.38521,0.10213,-0.39146,-0.41133,-0.68488,0.39243,-0.15478,-0.51244,0.42934,0,0
-0.051719,0.44654,0.1323,0.14293,-0.10883,-0.07966,0.0056833,0.060466,0.019538,0.045379,-0.0060851,0.4011,0.18837,0.24033,0.78159,0,0
-0.30228,-0.094833,-0.14987,0.34809,-0.064005,-0.16487,0.070849,0.45702,0.026007,0.42699,-0.15079,-0.11129,-0.1305,-0.099799,-0.55686,0,0
-0.50205,-0.064265,-0.33029,0.10973,-0.99681,-1.4632,-0.96554,-0.85219,-0.6495,0.11485,-0.13318,0.47989,-1.3242,-1.9135,0.24913,0,0
0.080504,0.27512,0.45942,0.25846,0.32341,0.24215,0.077532,-0.098797,-0.031494,0.18689,0.49758,0.48508,-0.02305,0.30339,1.2804,0,0
-0.095306,0.19693,0.3956,0.37317,0.45069,-0.12233,0.35371,0.1793,0.09102,0.46144,-0.10055,0.45571,-0.19021,-0.075977,0.64242,0,0
-0.31181,-0.12466,-0.26543,-0.23379,-0.11715,0.15323,-0.24823,-0.14017,-0.34591,-0.053973,-0.069839,-0.60351,0.13781,0.13493,0.58509,0,0
0.38109,0.35273,0.36504,0.2981,0.27207,0.0099377,0.048597,-0.14408,0.41728,0.25556,0.486,0.12605,-0.018116,0.086092,-0.54263,0,0
0.084192,-0.042839,0.0088302,-0.069729,-0.032167,0.18429,0.12118,0.1383,0.31709,-0.041147,0.13577,0.30589,0.27107,0.15826,0.25704,0,0
-0.17558,0.014046,-0.31076,-0.14676,0.026545,0.11839,-0.20045,-0.01673,-0.31923,-0.15012,-0.40415,-0.72147,-0.11109,-0.23522,-0.097534,0,0
-0.10263,-0.22883,0.1095,-0.21338,-0.064504,-0.058288,-0.24553,-0.04512,-0.00052609,-0.33916,-0.086329,-0.10393,-0.18147,-0.15095,-0.15834,0,0
-0.15594,-0.03119,0.014409,-0.35722,0.14584,0.18932,-0.074385,-0.13547,0.2142,-0.022537,-0.10517,-0.2531,-0.044089,0.17561,0.19213,0,1
-0.10241,0.072299,-0.31209,-0.22689,0.10387,0.17837,0.10266,0.079049,-0.0017636,0.0058357,-0.23391,0.029672,0.48448,0.25486,0.30318,0,1
-0.16265,-0.35188,-0.1471,-0.22347,0.036548,-0.29499,-0.29314,-0.21253,-0.35407,-0.11468,-0.3651,-0.67167,-0.3231,-0.18495,-0.67865,1,0
0.27944,0.0396,0.39593,0.18708,0.50293,-0.12154,0.13756,0.29755,0.3963,0.13173,0.45595,-0.0031551,0.68127,0.57063,0.71701,0,0
0.38425,0.3404,0.2959,0.21702,0.625,0.59229,0.081648,0.23428,0.41761,0.026567,0.25452,-0.072538,0.9686,0.89643,1.2679,0,0
0.38772,0.18768,0.14282,0.029025,0.51407,0.4875,0.63569,0.014198,0.3032,-0.11545,0.22375,0.42217,0.5711,0.42198,0.0039055,0,0
0.055293,0.035169,0.3432,-0.0067991,0.072937,-0.029658,0.20111,-0.018061,0.05249,0.014386,-0.041289,-0.28169,0.26539,0.39805,0.037023,0,0
0.48508,0.021548,0.097795,0.043558,0.19036,0.0847,0.050726,-0.21092,0.12776,-0.012506,-0.10213,0.56094,-0.45647,-0.31324,0.051313,0,0
0.18623,0.07395,0.29172,0.32978,0.41873,-0.055523,0.77564,0.44211,0.0051466,0.2041,0.395,-1.0262,0.17531,-0.09932,-0.30321,0,1
0.47797,0.43079,0.4886,0.28691,0.47024,0.79077,0.8215,0.41407,0.53679,0.29858,0.52175,0.23872,0.50605,0.61723,0.87119,0,1
0.15723,-0.1851,0.0023163,0.18097,-0.23821,0.095474,0.30722,0.2487,-0.13489,0.031572,-0.16368,0.2358,-0.52509,-0.19859,-0.8523,1,0
0.20828,0.042572,-0.17295,0.16691,-0.14864,-0.074331,0.31784,0.81483,-0.27184,0.16145,0.16846,-0.13829,0.032777,0.53765,0.23449,0,0
-0.10959,-0.1102,0.2073,0.095716,-0.12837,0.10954,0.031177,0.3991,0.23841,0.25877,0.21421,-0.77429,0.45669,0.077902,-0.17027,0,0
0.23555,0.53079,0.24914,0.22031,0.70407,0.57191,0.37536,0.21746,0.35501,0.2075,0.40439,0.30894,0.61464,0.88974,0.77428,0,0
-0.013679,-0.11299,-0.27384,0.0882,-0.55116,-0.39623,-0.65177,-0.18776,-0.46241,-0.064321,-0.23439,-0.50906,-0.63551,-0.30169,-0.8127,0,0
-0.20239,0.16185,0.045889,0.55244,0.68756,0.095211,-0.30075,-0.024854,0.14747,0.56747,0.22445,0.62823,0.020886,0.48288,0.38637,0,0
-0.17683,-0.15841,-0.034652,0.048528,-0.54749,-0.24324,-0.016526,0.025049,-0.17298,-0.14075,0.16129,0.76324,-0.053338,0.11521,-1.0349,0,0
0.15509,0.11288,-0.11727,0.28958,0.045542,0.36013,-0.014749,0.32324,-0.36324,-0.12613,0.22027,-0.038325,-0.033229,0.14349,-0.14153,0,0
-0.0096604,-0.12432,-0.12177,0.10632,-0.17576,-0.12505,-0.24393,0.25631,-0.023309,-0.11144,0.22298,-0.29499,-0.35099,-0.14204,-0.58624,0,0
0.043272,0.30514,-0.19378,-0.028083,0.55112,0.68314,-0.019339,0.27075,-0.077939,0.20215,0.14656,-0.47924,0.29853,0.77176,0.47421,0,0
-0.34124,-0.28891,-0.0044417,0.041244,-0.74016,-0.65312,-0.50822,-0.21972,-0.18038,-0.36606,-0.09378,0.27152,-0.3846,-0.30459,-1.8613,0,0
0.40953,0.089666,0.0054052,0.2051,0.090068,0.35838,0.27947,0.32749,0.41744,0.52451,0.62,-0.12123,0.38252,0.96358,0.79761,0,1
-0.3009,-0.36636,-0.43051,-0.56347,-0.65126,-0.46753,-0.78411,0.57479,-0.11857,-0.18519,-0.42849,-0.89876,-0.57329,-0.58308,-2.0652,0,1
-0.38702,-0.31012,-0.70029,-0.36785,-0.99182,-0.6747,-0.7332,-0.91213,-0.65032,-0.20101,-1.3659,0.33596,-1.9241,-1.8364,-1.2198,0,1
-1.0455e-14,-1.4823e-14,-9.7785e-15,-5.3532e-15,-1.5116e-14,-5.3746e-15,-8.6598e-15,-4.6955e-15,-1.1631e-14,-9.902e-15,-9.6582e-15,1.7869e-15,-8.8672e-15,2.7756e-16,-3.0546e-15,1,0
-1.7327e-14,4.1256e-15,-1.0392e-14,1.3806e-15,-6.7548e-15,-6.3044e-15,-1.1681e-14,-1.6778e-15,-1.1291e-14,-2.588e-16,-3.3715e-15,8.8015e-16,-1.0189e-14,8.8914e-15,-5.7501e-15,0,0
2.8838e-15,-1.1892e-15,3.8054e-15,-1.8432e-15,1.4865e-15,2.1405e-15,-7.4919e-15,-8.8e-15,7.1649e-15,-2.7351e-15,4.9946e-15,-4.8162e-15,9.7811e-15,2.3189e-15,1.2754e-14,0,0
-0.47577,-0.75486,-0.73766,-0.76276,-0.55042,-0.55681,-1.5594,-0.84271,-0.47306,-0.8774,-0.39496,0.21871,-0.18273,-0.93043,-0.1411,0,0
0.15135,0.3356,-0.0078062,-0.661,1.1837,0.69879,0.78561,-0.30338,0.59049,0.0071953,-0.14996,-0.30685,1.1993,0.65405,2.1039,0,0
-0.20932,-0.259,-0.073873,-0.80837,-0.56425,-0.52559,0.071095,-1.0855,0.15583,-0.56925,-0.31562,0.24151,0.10246,-0.85752,-0.22236,0,0
0.18239,0.47517,0.33647,-0.13551,0.3343,0.58329,0.42304,-0.47516,0.40104,-0.26368,0.14694,0.16369,0.28504,-0.234,0.60488,0,0
0.056969,-0.39002,0.24576,-0.55077,0.041704,-0.2657,-0.12948,-0.98923,0.29266,-0.25192,0.19496,-0.36303,0.28481,-0.75305,-0.10766,0,0
0.37424,0.27746,0.12592,-0.43039,0.31277,0.39697,0.54919,-0.35737,0.061077,-0.30427,-0.18489,-0.2113,0.67062,-0.033155,0.63342,0,1
0.19196,0.18775,0.061597,-0.72407,-0.15748,0.010027,0.041799,-0.75556,0.11015,-0.39174,-0.15961,-0.35125,0.61796,-0.27063,0.55401,1,0
0.35518,0.089341,0.16765,0.28149,0.14882,-0.10764,0.5812,0.21842,-0.23834,-0.12222,0.0053098,0.74782,0.20231,-0.060459,-0.48792,0,0
-0.095496,0.15001,0.13425,0.033584,-0.27428,0.19174,0.39167,0.16949,0.33579,0.0066052,0.1332,0.31846,0.32212,0.03142,0.51547,0,0
0.17166,-0.0015103,0.22634,0.0081815,0.23748,0.5822,0.3423,0.11579,0.31177,-0.048468,-0.18629,0.29412,0.35564,0.29652,1.1246,0,0
-0.16979,-0.38903,-0.21562,-0.38682,0.09738,-0.45126,-0.082999,-0.54012,-0.1241,-0.50257,-0.53556,-0.12253,0.45197,-0.301,0.20569,0,0
-0.19098,-0.070472,-0.53372,-0.27903,-0.49287,-0.35708,-0.55788,-0.97398,-0.44419,-0.63154,-0.92486,0.29325,-0.52071,-0.76136,-0.11991,0,0
-0.73158,-0.12739,-0.075203,0.22392,-0.90997,-0.31937,-0.18169,-0.27927,-0.079998,0.30769,-0.12632,1.5503,-0.48521,-0.50231,0.79222,0,0
0.00069883,0.21981,-0.024889,0.37728,-0.14111,-0.33043,-0.77127,0.067072,-0.42176,0.12874,-0.18818,0.30982,-1.464,-0.78357,-0.65552,0,0
-4.6624e-15,5.3662e-15,2.6125e-15,7.8784e-15,-8.9189e-16,-4.4e-15,-3.9838e-15,-5.3737e-15,3.8649e-16,3.6791e-15,-5.8568e-15,4.7568e-16,-2.0216e-14,-1.3616e-14,-9.3946e-15,0,0
-0.2794,-0.38547,0.23493,0.38983,0.20474,0.10897,0.0016566,0.68588,-0.11331,0.17333,0.20299,-0.2847,0.028148,0.45995,0.82775,0,0
1.2301e-14,8.6365e-15,1.7373e-14,6.05e-15,1.0509e-14,-7.4696e-16,-6.9935e-16,-1.0807e-14,1.3611e-14,3.0473e-16,1.2505e-14,5.7602e-15,9.2608e-15,-1.9845e-14,-1.2724e-14,0,0
-0.082226,-0.23642,0.028187,-0.30499,0.55882,0.49639,0.83796,0.59599,0.2634,-0.061221,-0.10612,-0.0028774,0.29356,0.35817,0.94605,0,0
-0.30941,-0.60972,-0.92037,-0.14977,-0.86932,-1.071,-0.87318,-0.21236,-1.0858,-0.068865,-0.2375,-0.063722,-0.90952,-0.40161,-1.1534,0,0
-2.7203e-15,-6.6595e-15,-4.4e-15,-4.5784e-15,-5.4703e-15,2.8243e-16,-1.2412e-15,7.1872e-15,1.0108e-15,2.6757e-15,-8.5919e-15,-1.368e-14,3.7757e-15,4.5784e-15,9.2608e-15,0,0
0.22524,0.40728,0.44572,0.79085,0.38771,0.13477,-0.10072,0.1107,0.18489,0.41551,0.46457,-0.014016,0.51389,0.8173,-0.24481,0,1
4.3006e-15,-9.1196e-15,-8.9858e-15,-1.5118e-14,-8.2426e-15,6.3027e-15,-1.1513e-14,9.1122e-15,-2.7351e-15,-4.0581e-15,4.2216e-15,-2.9953e-14,2.0999e-14,2.4111e-14,-7.5811e-16,1,0
0.06038,0.40141,0.51577,1.0541,0.55085,0.3854,0.50755,1.0638,0.43972,1.1705,0.26619,0.87895,0.013919,0.74123,-0.12581,1,0
-0.35745,-0.18202,-0.088995,0.23064,-0.87069,-0.49731,-0.55288,0.0060498,-0.30842,0.25083,0.2063,0.19251,-0.99791,-0.066322,-0.63444,0,0
-0.18716,0.20201,-0.31737,-0.2114,-0.32027,-0.2125,0.025863,0.74118,-0.056808,-0.098961,0.2773,-1.1697,-0.20486,0.42393,0.24999,0,1
-0.087316,-0.1246,-0.31997,-0.047487,-0.078897,0.047381,-0.22577,0.12983,-0.35234,0.26264,-0.30809,-0.41775,-0.22151,0.047701,-0.5428,0,1
-0.02511,0.088933,0.13652,0.38523,0.17121,0.23404,0.046664,0.49016,0.13265,0.42749,0.12076,-0.46946,-0.21365,0.36066,-0.73324,0,1
-0.11465,-0.13237,0.076786,0.54236,-0.37739,-0.30295,0.2177,0.73113,-0.19099,0.37461,0.17633,-0.012234,-0.44166,0.50196,0.10343,1,0
0.32283,0.4128,0.2599,0.44248,0.055261,0.21293,-0.27566,0.19596,-0.031356,-0.02093,0.5787,-0.22811,-0.27086,0.41918,-0.48287,1,0
-0.019736,-0.34614,-0.034759,0.20421,-0.35457,-0.24103,0.41656,0.95547,-0.0092235,0.091553,-0.18998,-0.50602,-0.20593,-0.055786,-0.53446,0,0
0.37657,0.19649,0.040969,0.15291,0.7399,0.48856,-0.17034,0.6013,0.24898,0.17859,0.62948,-0.36993,0.41754,1.0108,-0.015193,0,0
-0.092604,-0.20496,-0.18785,0.073809,-0.10389,-0.014783,0.07522,0.6117,-0.4192,0.21259,-0.37176,-0.42558,-0.5513,-0.00053229,-0.86432,0,0
0.41818,0.16723,0.34493,0.726,0.84914,0.49935,-0.54546,-0.21665,0.47945,0.67955,1.0703,-0.11898,1.2835,1.2188,0.54423,0,0
-7.0905e-15,9.9883e-16,-8.7654e-15,-1.4368e-15,-1.752e-14,-1.211e-15,-7.6552e-15,5.2425e-15,-8.2041e-15,-3.399e-15,-3.7636e-15,-1.0804e-14,-8.2459e-15,1.0821e-14,-8.1006e-15,0,0
-8.4057e-15,-3.1982e-15,6.0789e-15,7.4664e-15,2.59e-15,-6.4802e-15,1.5834e-14,2.3449e-15,3.5111e-15,7.8263e-16,-7.2941e-15,2.3145e-14,-9.2728e-15,2.8316e-15,3.8978e-15,0,0
-1.4012e-14,-2.3821e-14,-1.6277e-14,-2.2804e-14,-1.7721e-14,-1.3978e-14,-2.1609e-14,-2.4651e-14,-1.3159e-14,-2.2175e-14,-1.4279e-14,-3.3325e-14,-1.8778e-14,-1.7228e-14,-1.5126e-14,0,0
-1.518e-14,-2.6633e-15,-9.3624e-15,-4.0901e-15,-1.8538e-14,-1.6578e-14,-3.0025e-14,-4.5401e-14,-1.2248e-14,-9.6438e-15,-1.9636e-14,-1.0122e-15,-3.3662e-14,-2.5652e-14,-2.4935e-15,0,0
0.79528,0.50917,0.58672,0.14605,1.0291,0.43229,0.19522,-0.064084,0.928,0.38442,1.1225,0.25191,1.4095,1.1631,1.0303,0,0
-0.81236,-0.43185,-0.21258,0.090435,-0.44573,-0.19654,-0.036109,0.063681,-0.68529,-0.39583,-1.0647,-0.25094,-1.0068,-1.3709,-1.4831,0,0
0.58231,0.13005,0.34161,-0.68855,0.54368,0.18981,0.16282,-0.47892,0.16068,-0.27064,0.32454,-0.1176,0.87338,0.31308,1.1733,0,0
-0.38538,-0.1584,-0.33781,-0.27216,-0.046719,-0.216,0.097378,-0.24127,0.070495,-0.29482,-0.63614,0.22368,-0.14337,-0.41214,-0.058634,0,0
0.1168,0.017751,-0.0416,-0.27041,-0.33824,-0.13244,0.35396,-0.30534,-0.0023423,-0.36359,-0.024087,-0.16844,0.0071036,-0.3592,0.14378,0,0
-0.47122,-0.15956,-0.37893,-0.53634,0.089696,0.044149,0.6073,0.62169,0.1383,-0.15607,-0.37229,-0.86251,0.092044,-0.37692,0.05812,0,0
-0.010963,-0.18356,-0.18094,0.11362,-0.19349,-0.40182,0.21805,-0.18345,0.18933,-0.029326,0.19311,-0.032405,0.62413,0.058333,0.14434,0,0
-0.19804,0.14691,-0.37532,0.016581,-0.111,-0.38818,0.3522,0.37553,-0.23015,0.0040657,-0.1333,0.90978,-1.1303,-0.17656,-0.83907,0,0
0.41353,0.43115,0.52457,-0.14479,0.68684,0.65491,0.34634,-0.71387,0.65249,-0.1057,0.64245,0.4035,1.3582,0.90424,2.0611,0,0
0.17367,0.085814,0.013503,-0.2865,-0.098354,0.11543,-0.13253,-0.15761,-0.24008,-0.38592,-0.31392,-0.28285,-1.0773,-1.102,-1.6712,0,0
-0.020482,-0.087387,-0.013264,-0.089621,-0.037711,0.15119,-0.36754,-0.99325,-0.043301,-0.18817,-0.091363,0.30541,0.012706,-0.69364,-0.23155,0,0
0.24017,0.37165,0.28206,-0.12747,-0.3826,0.061159,0.0027128,-0.21131,0.09016,-0.12143,0.1161,0.34781,-0.0035504,-0.65651,-0.034432,0,0
0.12912,-0.075075,-0.2105,-0.66682,0.30191,0.15948,0.017707,-1.0481,0.11436,-0.22116,-0.020689,0.065278,0.90646,-0.32891,0.89287,0,0
0.64405,0.64791,0.86399,0.33052,1.1071,0.35933,0.60917,0.25906,0.32511,-0.040956,0.083408,-0.32604,-0.10823,-0.16606,0.014527,0,0
-0.024725,-0.19075,0.19166,0.082138,-0.034983,0.067481,-0.0095036,0.42349,0.22897,0.60688,0.42968,0.61635,0.80586,0.66576,0.70186,0,0
-0.27951,-0.59481,-0.22229,0.044762,-0.3309,-0.45345,-0.71148,-0.35658,-0.77594,-0.29384,-0.28001,0.032165,-0.59709,-0.60034,-0.96408,0,0
-0.044919,0.22193,0.21383,0.27139,-0.1707,0.12333,-0.60168,-0.55016,0.19507,0.068676,0.4318,0.20011,0.85687,0.3058,0.98427,0,0
0.66145,0.42329,0.66492,0.18216,0.14116,0.48916,0.049155,-0.40983,0.48633,0.31959,0.051275,0.36209,0.033147,0.26282,-0.1125,0,0
-0.074244,0.18296,-0.12023,-0.048333,-0.19109,-0.3196,-0.033147,0.065619,-0.37105,-0.031357,-0.027888,0.022064,-0.23395,0.068832,0.43057,0,0
-0.00037249,0.051121,-0.066201,0.43864,-0.38419,0.054267,0.19615,0.98797,-0.17401,0.023185,-0.16062,-0.50776,-1.0712,0.117,-1.5903,0,0
-1.5385e-14,-5.3068e-15,-1.6128e-14,-1.9436e-15,-1.5417e-14,-4.3257e-15,-2.1197e-14,-4.4446e-15,-1.466e-14,1.0331e-15,-1.5995e-14,-1.0673e-14,-1.4835e-14,6.2581e-15,4.0581e-15,0,0
-0.51151,-0.51745,-0.2593,-0.1409,-0.0026841,-0.59277,-0.86683,-0.53266,-0.03374,-0.22529,-0.2866,0.46258,-0.35572,-0.53928,0.54795,0,0
-0.44699,0.050603,0.22983,0.15177,0.020959,0.075277,1.042,0.49026,-2.2746e-05,0.45229,-0.64329,0.10293,-0.30502,-0.055484,0.10991,0,0
0.3151,0.19888,0.62085,0.059549,0.068204,0.037654,0.38741,-0.035281,0.49733,-0.038459,0.42561,0.21803,0.32588,-0.33397,0.57984,0,0
0.084952,0.18223,-0.28838,-0.22109,-0.071154,-0.2769,0.23077,-0.38069,-0.20106,-0.63306,-0.20171,-0.097482,0.0080143,-0.44603,0.22152,0,0
-0.28555,-0.25666,-0.24567,-0.59341,-0.17154,-0.20926,0.42498,-0.46818,0.26818,-0.46835,-0.59633,0.56926,0.20424,-0.17241,0.24748,0,0
-0.22629,-0.17643,-0.0064695,-0.11375,0.04171,0.010131,-0.097237,-0.33817,-0.010795,0.061752,-0.34265,-0.10012,-0.069983,-0.31189,0.42787,0,0
-0.11859,-0.24618,-0.2059,-0.66377,-0.07173,0.12429,-0.33495,-0.33956,-0.056633,-0.36054,-0.38135,-0.55704,-0.17583,-0.28984,-0.29939,0,0
0.0061353,-0.032871,-0.45606,-0.16918,0.13028,-0.067154,-0.54664,-0.78596,-0.23699,-0.18924,-0.13484,0.39309,-0.13341,-0.28356,-0.31327,0,0
0.02011,-0.030145,0.027494,-0.087549,-0.056829,0.17405,0.18393,-0.13251,0.0014576,0.2058,-0.35274,-0.30783,-0.23808,0.0852,0.18681,0,1
0.12497,0.20839,-0.26241,-0.37365,-0.45865,-0.31652,-0.16774,-0.3703,-0.27044,-0.16841,0.13778,0.72748,0.9053,0.25829,1.2787,0,1
-1.5393e-14,-1.4612e-14,-1.7585e-14,-3.7162e-15,-1.2576e-14,-1.5014e-15,-8.8223e-15,1.3884e-14,-1.3646e-14,2.1554e-15,-8.4581e-15,-3.5676e-16,-2.5568e-15,1.6812e-14,-7.7892e-15,1,0
1.8429e-14,-3.2393e-15,1.3577e-14,-5.9746e-15,1.0576e-14,4.5854e-15,-1.3851e-15,1.5134e-15,2.1042e-14,-6.4895e-16,1.7616e-14,-1.8819e-14,2.9052e-14,2.0987e-15,2.5575e-17,1,0
-2.0135e-15,-5.2503e-15,-9.9552e-15,-7.6613e-15,-5.1692e-15,-2.6733e-15,-2.8072e-14,-1.3639e-14,-8.1987e-15,-4.3324e-15,5.6343e-16,-2.5086e-14,-1.4387e-15,2.5039e-15,-6.996e-15,0,0
-0.21515,0.08619,-0.084583,0.36564,-0.10266,0.086756,0.11662,0.3279,0.25019,0.48445,0.32393,0.50022,-0.020048,0.17676,-0.32509,0,0
0.04741,0.092025,-0.33598,-0.18531,0.45121,0.48815,0.10758,-0.18563,0.024909,-0.35504,0.48827,-0.11847,0.88082,0.2504,0.66953,0,0
-0.34676,-0.26427,-0.72306,-0.19465,-0.44448,0.13079,-0.44572,0.51804,-0.34448,-0.12459,-0.37722,-0.59221,-0.41192,-0.43334,-0.90338,0,0
-0.054839,-0.10757,-0.31735,0.021707,-0.016328,0.0081678,0.01396,0.77665,-0.16435,0.12706,-0.002366,-0.57853,-0.11403,0.52049,-0.43559,0,0
-0.039585,-0.32622,-0.35055,-0.020237,-0.099641,0.01546,0.011016,0.46284,-0.10332,-0.16318,-0.023661,-0.79873,-0.046804,0.041667,-0.33594,0,0
0.088167,0.038993,0.054453,0.20419,-0.13882,0.085033,0.14922,1.113,-0.1046,0.051138,0.20717,-0.20603,-0.13898,0.30508,-0.25941,0,0
0.23484,0.16731,0.018251,-0.048286,0.11508,0.22328,0.042239,0.077568,-0.070775,0.28855,0.12828,-0.64468,0.18412,0.49213,-0.1416,0,1
-0.31509,-0.27281,-0.28401,0.024124,-0.7463,-0.0079311,-0.21035,-0.016058,-0.35563,-0.24191,-0.39811,-0.19465,-0.1472,0.33352,-0.7195,0,1
-0.26768,-0.20096,-0.30982,0.064616,-0.19323,-0.19531,-0.55074,0.10838,-0.45583,-0.19386,-0.0479,-0.46457,0.044035,-0.024014,0.1602,0,1
0.17349,0.087555,0.4103,0.23925,-0.0057758,-0.065434,-0.26123,0.15954,0.11553,0.42591,0.0652,0.57476,-0.31226,0.26577,-0.49452,1,0
0.063363,-0.33089,0.27501,0.10901,-0.094143,-0.16979,-0.2191,0.13973,-0.24368,0.2031,0.24059,0.28369,-0.39202,-0.26769,-0.91319,1,0
0.56674,0.39981,0.64795,0.74532,0.38602,-0.16333,0.16389,0.05784,0.39028,0.48562,0.43711,-0.096758,-0.085798,0.70533,0.14677,0,0
0.17926,0.12685,0.3918,0.4235,0.01313,-0.15949,0.22117,0.226,0.36907,0.23034,1.054,-0.20617,0.35159,0.50424,0.33675,0,0
0.24986,0.12436,0.15369,-0.21866,0.2988,0.092412,-0.24314,-0.35874,0.12677,0.025274,-0.069603,0.12354,-0.14794,0.33288,0.085815,0,0
-0.46495,-0.53453,-0.4215,0.21099,-0.17091,-0.76232,-0.3016,0.36901,-0.58649,-0.074578,0.16186,-0.17806,-0.076618,0.030962,0.10175,0,0
0.045952,0.12819,0.6239,0.66342,0.66706,0.25336,0.34284,0.71791,0.53581,0.63881,-0.48796,0.21134,-0.91972,0.32737,-0.42907,0,0
4.8153e-15,2.1939e-15,3.8224e-15,-1.5649e-15,2.407e-15,1.4894e-16,-1.164e-14,-9.4751e-15,5.4606e-15,-5.2033e-15,8.1293e-15,-2.2822e-14,1.559e-14,3.1608e-15,-5.3437e-15,0,0
-5.69e-15,-7.6357e-15,-3.2198e-17,-3.2338e-15,-3.2156e-15,-7.628e-15,-8.4755e-15,-6.8331e-15,-2.103e-15,-3.3155e-15,-1.6539e-15,-9.8811e-15,-3.7054e-15,-9.022e-15,-8.0652e-15,0,0
-1.4267e-14,-1.4273e-14,-2.6649e-14,-1.5949e-14,-1.803e-14,-5.811e-15,-2.9923e-14,-3.1336e-18,-2.1029e-14,-6.1496e-15,-1.1143e-14,-2.5973e-14,-5.6379e-16,2.0525e-14,-3.0165e-15,0,0
-1.3291e-14,-1.6904e-14,-2.5659e-14,-2.1833e-14,-1.8881e-14,-9.2679e-15,-1.7941e-14,-1.5437e-14,-2.5081e-14,-1.4182e-14,-1.4877e-14,-2.8044e-14,-1.6906e-14,5.4441e-15,-5.9777e-15,0,0
1.2779e-14,1.5873e-15,1.9283e-14,-2.3495e-15,1.5992e-14,-3.1831e-15,5.2159e-15,-1.6097e-14,2.0215e-14,-5.6396e-15,1.757e-14,2.1914e-15,1.7961e-14,-9.8767e-15,4.6149e-15,0,0
1.1681e-15,5.8536e-15,6.5151e-15,1.2283e-14,4.0123e-15,4.2712e-15,3.1122e-16,1.1214e-14,3.962e-15,7.6752e-15,4.0772e-15,1.8733e-14,4.6477e-15,3.5151e-15,-1.0796e-14,0,0
0.42186,0.33593,0.13124,0.29709,0.26314,0.25255,0.15674,0.1364,0.26299,0.13113,0.3259,0.85348,-0.098625,0.43247,0.47722,0,0
-0.33416,-0.42808,-0.41167,-0.13279,-0.63355,-0.3197,-0.32456,-0.52757,-0.34255,-0.30849,-0.15188,0.29615,0.38544,-0.38751,0.35341,0,0
-0.14474,-0.042194,-0.17275,0.22477,-0.28978,-0.14226,-0.13197,0.60369,-0.16327,0.037328,-0.57709,0.34962,-1.0064,-0.59269,-0.55574,0,0
-0.46729,-0.41575,-0.31099,-0.38948,-0.3487,-0.13199,-0.02949,-0.23763,0.035656,-0.10054,-0.08985,0.20843,0.28879,-0.39132,0.61847,0,0
0.19971,0.22639,0.60075,0.42031,0.050744,0.38409,0.028371,0.15727,0.31365,0.33822,0.059114,0.75467,-0.49085,-0.0085552,-0.42503,0,0
-0.13369,-0.060146,-0.11881,-0.057439,-0.14252,-0.33734,0.4122,0.0083181,0.047665,-0.022884,0.012959,-0.44919,0.27254,-0.041508,0.3252,0,0
0.050676,0.32336,0.084273,0.30559,0.34805,0.64923,0.59464,0.20406,0.31237,0.30423,0.25047,0.27867,0.52152,0.55931,0.50807,0,0
-0.58282,-0.087442,-0.45018,-0.034441,-0.29,-0.30587,-0.26036,0.050939,-0.2476,0.028126,-0.15797,-0.56956,-0.69264,-0.53217,-0.10902,0,0
0.053681,0.0066988,-0.029988,-0.17581,-0.085234,-0.19795,-0.3249,-0.080865,0.013379,-0.0086456,-0.34763,-0.77543,-0.49648,-0.18533,-0.51634,0,0
-0.12711,0.039278,-0.23221,-0.13464,-0.14692,-0.092366,-0.60438,-0.18566,-0.30303,-0.42457,0.13924,0.066214,0.19564,-0.52297,-0.25783,0,0
0.011647,0.13705,0.050803,-0.043522,0.41973,0.56725,0.11974,-0.24326,0.34595,0.13678,0.0044595,-0.030787,0.79845,0.36761,0.77598,0,0
-0.096012,-0.28226,-0.21121,-0.30952,-0.40633,-0.37824,-0.15932,-0.60001,-0.22672,-0.28858,0.081394,0.28784,-0.21129,-0.2332,-0.70345,0,0
-0.1312,-0.041178,-0.28242,-0.28227,-0.22548,-0.0030468,-0.11437,0.18721,-0.2535,-0.137,-0.4291,-0.30997,-0.17512,-0.4497,-0.71485,0,0
-0.076771,-0.028065,0.014659,-0.43589,-0.27753,0.024119,-0.1921,-0.58766,0.11206,-0.19137,-0.17614,-0.27291,0.56014,0.012339,0.52315,0,0
0.77015,0.24272,0.44992,-0.19732,0.7115,0.46618,0.13038,0.31356,0.1278,0.16805,-0.13414,0.050397,0.2871,0.43497,0.15514,0,0
-0.20996,0.11896,0.37642,0.038961,0.34589,0.053267,0.33962,-0.28739,-0.11753,-0.3034,0.11768,-0.15648,0.34137,-0.037564,0.39064,0,1
0.19261,0.00092074,0.12374,0.20692,0.15924,-0.028599,0.28671,-0.64102,-0.37992,-0.24307,-0.13111,0.066943,-0.6454,-0.61398,-0.47933,0,1
-0.069916,-0.098502,-0.05777,-0.41354,0.13557,-0.11694,0.19797,-0.32458,-0.071949,-0.22843,-0.11207,-0.017122,0.472,-0.43983,0.74924,0,1
0.027539,0.026013,-0.19134,-0.31662,0.073514,-0.15083,-0.32369,-0.40132,-0.23167,-0.4756,-0.46093,-0.25839,-0.2671,-0.099871,0.39394,1,0
-0.0054984,-0.1146,-0.08596,-0.53124,0.52482,0.32683,0.29103,-0.2341,0.039857,-0.30888,0.25189,0.036318,0.31466,-0.21745,0.74703,1,0
0.21248,0.3798,0.56617,0.24383,0.35547,0.033453,0.22088,-0.084496,0.5889,0.3638,0.36071,0.72783,0.32331,0.42112,-0.04695,0,0
0.18928,0.11076,0.038326,-0.35852,0.1098,-0.11142,0.25609,0.26535,0.38637,0.014175,0.54752,0.069757,0.39014,0.197,0.33687,0,1
-0.032163,-0.061897,-0.18092,-0.28501,-0.053573,0.28675,0.087667,-0.15385,0.21999,0.0080814,0.069906,-0.65859,0.2335,0.40089,0.0095673,0,1
-0.31515,-0.21045,0.038679,0.24447,-0.2605,-0.30409,-0.47606,-0.12559,-0.12484,0.11799,-0.14529,0.42506,-0.16411,-0.32127,-0.58083,1,0
0.34086,0.27315,0.77132,-0.069267,0.55955,0.33306,0.48499,-0.21194,0.49303,0.023992,0.1904,0.060959,0.37305,0.30682,0.44928,1,0
0.34652,-0.015045,0.31277,0.51274,0.007044,-0.18008,0.1337,0.16125,0.16794,0.099131,0.48904,0.57678,-0.22094,-0.2549,-0.70172,0,0
0.24121,0.5183,0.18006,0.40508,0.23369,0.42101,0.57232,0.57277,0.070044,0.21134,0.13241,-0.4636,0.28049,0.090802,0.11338,0,0
-0.028681,-0.20824,-0.15341,-0.23232,0.086131,-0.12943,0.10209,-0.72113,-0.25686,-0.32012,-0.17295,0.24689,0.6718,-0.09942,0.00095144,0,0
0.15746,-0.051026,-0.21107,-0.15513,0.061339,0.15421,0.024669,0.43061,-0.14481,-0.23165,-0.31143,-0.42228,0.035691,0.32192,0.60465,0,0
-0.083377,-0.22068,-0.30844,0.16113,-0.20085,-0.78811,0.067659,0.1918,-0.10249,0.14059,-0.19123,-0.29279,0.18338,0.46272,-0.4754,0,0
0.087352,-0.093608,0.11891,-0.14459,0.013914,0.36473,-0.13645,0.16183,0.038083,-0.0043201,-0.012193,-0.41716,-0.27598,-0.060417,0.16328,0,0
0.043481,0.17806,0.25369,-0.359,0.28196,0.22541,0.4664,-0.022593,0.25125,-0.016495,0.11274,-0.13255,0.52666,-0.026374,0.030087,0,0
0.81462,0.88546,0.51222,0.5335,0.95341,0.50276,0.39573,-0.58081,0.32142,0.088705,0.54558,0.39326,0.66149,0.3547,0.56073,0,0
0.36427,0.82317,0.50757,0.29888,0.5333,0.63523,0.39877,0.22187,0.57383,0.48152,0.49587,0.10032,0.59141,0.23679,0.28649,0,0
-0.2597,0.19766,-0.044147,0.54852,-0.53472,0.010593,0.13924,0.32823,-0.028318,0.53218,0.099394,-0.12898,-0.22739,-0.13074,-1.0496,0,0
-0.075601,0.094213,-0.17103,0.1363,-0.62863,-0.021575,-0.33879,0.15239,-0.28763,-0.013415,0.021973,-0.56857,-1.2302,-1.0012,-1.2557,0,0
0.078229,-0.027119,-0.048324,-0.23246,0.095734,-0.26235,0.10269,0.23032,0.28411,-0.12825,0.12188,0.6189,0.25691,0.085192,0.14345,0,0
0.077474,-0.1651,-0.097597,0.0022619,0.10588,-0.040724,-0.090382,-0.26052,-0.21846,-0.16144,-0.037128,0.63947,-0.29431,0.012218,0.10563,0,0
-0.18228,-0.22455,-0.23305,0.068053,-0.22552,-0.39991,0.12208,0.4884,0.020931,0.25027,-0.069776,0.38075,-0.57099,0.09034,0.46748,0,0
-0.065132,-0.17066,-0.14565,0.067035,-0.19339,0.26745,0.11023,0.0067028,-0.0049829,-0.031788,0.082567,0.76002,0.0026165,-0.17896,0.23511,0,0
-0.16332,-0.13744,0.026764,0.01598,-0.32003,-0.48882,-0.067697,0.1593,0.0057198,-0.1006,0.017773,-0.01368,-0.25314,-0.3178,-0.38064,0,0
-0.41537,-0.22007,-0.11848,0.071054,-0.12879,-0.38496,-0.17015,-0.066338,-0.18126,-0.040713,0.11754,-0.31941,0.13282,0.15594,-0.010314,0,0
-0.14449,-0.41184,-0.25464,-0.33455,-0.23985,-0.27838,-0.4796,0.39752,-0.23648,-0.27234,-0.23446,-0.75942,-0.50901,-0.15803,0.31261,0,0
-0.26181,-0.12914,-0.48707,-0.21932,-0.65211,-0.16068,-0.36885,-0.17038,-0.34994,-0.15807,-0.39695,-0.34409,-0.021879,-0.12649,-0.52682,0,0
-0.43618,-0.25164,-0.57472,0.022516,-0.93549,-0.46454,-0.67617,-0.39103,-0.3749,0.019251,-0.53232,0.13043,-0.45146,-0.2186,-0.98962,0,0
0.045878,-0.076863,-0.069173,-0.0071869,-0.53908,-0.42262,0.071275,-0.016031,-0.087809,0.14159,-0.051371,-0.38902,0.037617,0.09483,0.066484,0,0
0.00011543,0.11071,-0.41529,-0.1461,0.22934,0.47609,-0.2381,-0.07561,-0.34621,-0.090957,-0.3643,-0.16988,0.274,0.34137,0.46562,0,0
-0.26722,-0.45039,-0.4183,-0.48142,-0.12076,-0.13253,-0.83245,-0.073099,-0.35387,-0.45331,-0.4439,-0.58365,-0.6386,-0.58728,-0.71796,0,0
0.35294,0.39009,0.669,0.4001,0.25087,0.3822,0.72231,0.36536,0.46718,0.65918,0.12894,0.40547,-0.078326,0.42594,0.41243,0,0
0.24082,0.27816,0.14149,0.57399,0.29474,0.33467,0.20696,0.3266,-0.068247,0.43187,0.1471,0.58654,0.29169,0.60483,0.73365,0,0
-0.096729,-0.35483,-0.19772,0.11339,-0.13763,-0.027438,-0.38434,0.2949,-0.084731,0.23297,-0.53073,-0.2318,-0.52625,0.16611,0.90464,0,0
-0.25901,-0.36494,-0.26952,-0.3699,-0.33776,-0.17082,-0.50396,-0.59571,-0.18424,-0.29417,-0.19367,0.43069,-0.015059,-0.073835,0.6067,0,0
-0.53379,-0.17139,-0.19792,0.35967,-0.38142,-0.012875,-0.59483,0.46303,-0.34922,0.47888,-0.46301,-0.272,-1.2044,-0.107,-0.50857,0,0
-0.36671,-0.37511,-0.35253,-0.38157,-0.25872,-0.4322,-0.59508,-1.111,0.077043,-0.12083,0.43437,1.115,0.20123,-0.18346,0.82011,0,0
-4.4485e-15,-3.4772e-15,-6.109e-15,-2.0451e-15,-3.502e-15,-6.4438e-15,-1.6052e-14,-8.312e-15,-6.6932e-15,-5.9949e-16,-3.6434e-15,-1.2116e-14,-4.3961e-15,-7.625e-15,-1.2077e-14,0,1
2.3294e-14,1.1308e-15,1.6709e-14,-8.6118e-15,6.0003e-15,1.2451e-14,7.901e-16,1.7136e-15,1.9632e-14,-1.9021e-15,1.3165e-14,-4.4457e-14,2.6666e-14,4.6894e-15,-9.0815e-15,0,1
-3.0094e-14,-1.2787e-14,-2.9447e-14,-5.6967e-15,-2.8245e-14,-1.1777e-14,-2.3361e-14,-5.3801e-15,-2.9846e-14,7.8977e-16,-2.4652e-14,-4.656e-15,-2.2594e-14,1.0321e-14,1.6045e-15,1,0
-1.0723e-14,-3.4646e-16,-1.4524e-14,6.4459e-15,-1.2807e-14,-8.0936e-16,-9.1934e-15,1.2314e-14,-1.3563e-14,1.0436e-14,-6.6906e-15,9.3237e-15,-9.1699e-15,1.6825e-14,-6.0427e-15,1,0
0.40006,0.37749,0.55377,0.67092,0.035478,0.48519,0.60269,0.64727,0.37031,0.24534,0.8342,0.71852,0.41948,0.6268,-0.36472,0,0
0.22738,0.085556,0.21332,0.17865,0.42921,-0.13175,0.030451,0.66071,-0.068147,-0.16589,0.48472,-0.5821,-0.23307,-0.0083709,-0.25243,0,0
0.11154,-0.13146,0.27901,-0.37104,0.81945,0.49783,0.045071,0.20254,0.37784,-0.11415,0.29507,-0.89192,0.61988,0.45066,0.26077,0,0
-0.25928,-0.20725,0.11768,0.036327,0.18489,0.091496,0.16465,0.17881,-0.23068,-0.46785,-0.23699,0.35228,-0.084214,-0.019132,-0.88133,0,0
0.014406,-0.22648,-0.17514,-0.23947,0.36804,-0.058351,-0.20015,-0.092607,-0.15264,-0.34167,-0.081419,-0.81225,-0.095028,0.014008,-0.64229,0,0
-0.1755,-0.05378,0.064632,0.085248,-0.052259,0.038773,0.15462,-0.036227,0.038304,0.14485,-0.32974,0.41008,0.22059,0.045979,-0.35328,0,0
0.11317,0.19647,0.35453,0.13228,-0.22499,-0.30438,0.40139,0.53284,-0.041442,-0.21014,0.014043,-0.27807,-0.25504,-0.095412,-0.77703,0,0
-0.018991,0.14523,-0.15865,-0.2947,0.045717,0.00064311,-0.42938,-0.37174,-0.10869,-0.26799,-0.020811,-0.70522,0.10803,0.052503,0.054553,0,0
-0.095535,-0.19841,-0.14296,-0.096593,-0.1645,0.049398,-0.028179,-0.11662,-0.18622,-0.29913,-0.1388,-0.53005,-0.092612,0.10594,-0.85347,0,0
5.946e-16,-1.0346e-14,-6.4068e-15,-9.5953e-15,-4.3108e-15,-2.4899e-16,-1.1951e-14,1.4939e-15,-6.0426e-15,-6.4514e-15,7.2095e-16,-1.6678e-14,4.5524e-15,7.1575e-15,-1.2784e-14,0,0
0.34009,-0.07457,0.56914,-0.10363,0.59141,0.081766,0.43181,-0.44204,0.60324,0.016125,0.31507,0.82361,1.1401,0.26993,1.1294,0,0
-9.573e-15,-4.8199e-15,-1.7882e-14,-5.5743e-16,-1.5222e-14,2.9061e-15,-1.1847e-14,1.1565e-14,-1.4746e-14,3.837e-15,-8.2352e-15,-2.7203e-15,-1.9027e-15,2.8184e-14,7.7892e-15,0,0
0.10263,-0.029392,-0.046144,0.22127,0.14119,-0.32738,0.20505,0.33782,0.28353,0.26385,-0.0032156,0.57586,0.091144,-0.13646,-0.29028,0,0
0.15422,0.26916,0.25338,0.62049,0.2118,0.2036,-0.073824,0.014655,0.2531,0.82112,0.56214,0.2946,-0.27709,0.38298,-0.057478,0,0
-0.097436,-0.19724,0.18086,-0.066144,0.34724,0.093457,0.63803,0.18239,0.50218,0.0083231,0.05701,-0.57034,0.79648,0.23572,0.27355,0,0
-0.30451,-0.2125,-0.44152,-0.099706,-0.66018,-0.18533,-0.63698,-0.5177,-0.43084,-0.033198,-0.20525,0.71943,-0.45835,-0.61767,-0.72628,0,0
-0.16598,-0.13926,-0.14655,-0.46013,0.034715,0.0035578,0.50079,0.14789,-0.1636,-0.62077,-0.39258,-0.80309,0.22534,-0.16496,0.54155,0,0
-0.22531,-0.0020016,-0.57841,-0.099364,-0.84676,-0.24906,-0.86197,-0.33339,-0.59826,0.044667,-0.51647,-1.1531,-1.0144,-0.69783,-1.5488,0,0
-0.010958,-0.73403,-0.2851,-0.91285,0.65087,0.095751,0.54142,0.2136,-0.057372,-0.9752,-0.57477,-0.66743,0.92986,0.49087,1.5439,0,0
-2.341e-14,-1.4449e-14,-1.5772e-14,-8.5622e-15,-5.3514e-15,-2.9158e-14,-2.8035e-14,-3.8797e-14,-2.2338e-14,-1.9681e-14,-1.5578e-14,-1.873e-14,-4.0195e-14,-3.6895e-14,-4.4714e-14,0,0
-5.2743e-15,-1.4192e-14,-1.0571e-14,-1.7465e-14,-1.8544e-14,-1.1638e-14,-2.4776e-14,-2.9263e-14,-1.4283e-14,-1.7856e-14,-4.2648e-15,-2.5236e-14,-1.8244e-14,-2.2654e-14,-2.4051e-14,0,0
3.6904e-15,2.9572e-16,1.0731e-14,6.4277e-15,1.3728e-14,-7.1509e-15,7.3539e-15,-4.5562e-15,1.0767e-14,4.0533e-15,5.638e-15,1.7561e-14,-4.1135e-15,-1.6235e-14,-4.2437e-16,0,0
1.0584e-14,-1.3676e-15,3.5676e-16,-4.5487e-15,-1.2487e-15,8.146e-15,-8.0865e-15,6.4514e-15,2.7946e-15,-1.427e-15,4.7568e-15,-2.5707e-14,1.9324e-14,1.7124e-14,4.1027e-15,0,0
0.40843,0.50098,0.53259,0.48263,0.57989,0.70167,0.7709,0.30973,0.87528,0.59106,0.40701,-0.028299,0.74266,0.71005,1.0831,0,0
0.27772,0.65672,0.36333,0.31741,-0.53863,0.084823,0.04806,-0.37282,0.2784,0.68107,0.94042,1.3003,0.050545,-0.07501,-0.28636,0,0
0.086814,0.24044,0.055588,-0.11431,-0.31377,-0.2416,0.072138,-0.24701,-0.1256,-0.13156,0.064478,0.030695,0.092083,-0.39024,1.0759,0,0
0.055048,0.41588,-0.18834,0.16805,0.12701,-0.21827,-0.62697,-0.24243,-0.58181,0.09453,-0.37749,0.81431,-1.2927,-0.8079,-0.51677,0,1
